creator_id,name,username,bio,location,niche,followers,engagement_rate,avg_views,avg_likes,avg_comments,best_product,product_sales,product_category,product_rating,product_price,product_image,endorsement_type,endorsement_date,languages,profile_pic,platforms,hashtags
inf_201,Neha Patel,@glowwithneha,"Bridal Makeup Artist | MAC Collaborator",Mumbai,"{Beauty,Makeup}",520000,9.2,1500000,112000,4800,"MAC Matte Lipstick - Ruby Woo","22L","Cosmetics",4.8,₹1999,"https://m.media-amazon.com/images/I/61RnXmpAmrL._SL1500_.jpg","Sponsored Post","15-11-2023","{Hindi,English}","https://randomuser.me/api/portraits/women/33.jpg","{Instagram,YouTube}","{""#bridal"",""#makeupartist""}"
inf_211,Aisha Khan,@aishabeauty,"Professional MUA | Sephora PRO",Delhi,"{Beauty,Makeup}",380000,11.5,980000,85000,4200,"Huda Beauty Eyeshadow Palette","18L","Cosmetics",4.6,₹3499,"https://m.media-amazon.com/images/I/81yG+Q+UfVL._SL1500_.jpg","Brand Ambassador","10-12-2023","{Hindi,English,Urdu}","https://randomuser.me/api/portraits/women/65.jpg","{Instagram,YouTube}","{""#muaindia"",""#beautytips""}"
inf_212,Riya Mehta,@riyabeauty,"Skincare Specialist | Dermat Approved",Bangalore,"{Beauty,Skincare}",290000,14.3,750000,68000,5100,"Cetaphil Moisturizing Cream","14L","Skincare",4.9,₹599,"https://m.media-amazon.com/images/I/61S7BrCBj7L._SL1500_.jpg","Medical Endorsement","05-01-2024","{English,Kannada}","https://randomuser.me/api/portraits/women/28.jpg","{Instagram,YouTube}","{""#skincare"",""#dermatologist""}"
inf_202,Raj Malhotra,@techraj,"Gadget Reviewer | Unboxing Expert",Bangalore,"{Technology,Gadgets}",410000,7.5,980000,62000,3100,"Sony WH-1000XM5 Headphones","15L","Electronics",4.7,₹28990,"https://m.media-amazon.com/images/I/61Yi7vQjZaL._SL1500_.jpg","Product Placement","02-12-2023","{English,Kannada}","https://randomuser.me/api/portraits/men/45.jpg","{YouTube,Twitter}","{""#techtuesday"",""#unboxing""}"
inf_222,Arjun Reddy,@techwitharjun,"Smartphone Analyst | Camera Expert",Hyderabad,"{Technology,Gadgets}",350000,8.9,1200000,78000,4500,"iPhone 15 Pro","21L","Electronics",4.8,₹134900,"https://m.media-amazon.com/images/I/81Os1SDWpcL._SL1500_.jpg","Sponsored Review","15-12-2023","{Telugu,English}","https://randomuser.me/api/portraits/men/89.jpg","{YouTube,Instagram}","{""#smartphone"",""#cameratest""}"
inf_223,Priya Joshi,@techpriya,"Women in Tech | Coding Tutorials",Pune,"{Technology,Education}",180000,12.7,450000,42000,3800,"Logitech MX Keys","8L","Electronics",4.5,₹8990,"https://m.media-amazon.com/images/I/61pBvlYVPxL._SL1500_.jpg","Affiliate Marketing","20-11-2023","{Marathi,English}","https://randomuser.me/api/portraits/women/42.jpg","{YouTube,LinkedIn}","{""#womenintech"",""#coding""}"
inf_203,Anjali Sharma,@mumbaifoodie,"Street Food Explorer | Food Blogger",Mumbai,"{Food}",780000,13.4,2800000,168000,7200,"Instant Pot Duo 7-in-1","11L","Kitchen Appliances",4.6,₹8990,"https://m.media-amazon.com/images/I/61lJ3xlQX2L._SL1500_.jpg","Affiliate Marketing","28-10-2023","{Hindi,Marathi}","https://randomuser.me/api/portraits/women/22.jpg","{Instagram,TikTok}","{""#streetfood"",""#mumbaifood""}"
inf_231,Rahul Kapoor,@delhifoodguide,"North Indian Food Specialist",Delhi,"{Food}",620000,11.2,2100000,145000,6800,"Hawkins Stainless Steel Kadai","9L","Cookware",4.7,₹2499,"https://m.media-amazon.com/images/I/71YvGyS3YTL._SL1500_.jpg","Brand Partnership","12-12-2023","{Hindi,Punjabi}","https://randomuser.me/api/portraits/men/76.jpg","{Instagram,YouTube}","{""#northindianfood"",""#foodblogger""}"
inf_232,Meena Iyer,@southindianfoodie,"Traditional Recipes | Chettinad Expert",Chennai,"{Food}",340000,15.8,950000,88000,5200,"Preethi Mixer Grinder","7L","Kitchen Appliances",4.4,₹5290,"https://m.media-amazon.com/images/I/71Y4hacAPBL._SL1500_.jpg","Product Trial","05-01-2024","{Tamil,English}","https://randomuser.me/api/portraits/women/37.jpg","{Instagram,YouTube}","{""#southindian"",""#homecooking""}"
inf_204,Vikram Singh,@fitindian,"CrossFit Coach | Supplement Expert",Delhi,"{Fitness}",320000,11.8,750000,58000,4200,"MuscleBlaze Creatine Monohydrate","18L","Sports Nutrition",4.4,₹999,"https://m.media-amazon.com/images/I/61tE7b7XQ4L._SL1500_.jpg","Brand Ambassador","17-09-2023","{Hindi,English}","https://m.media-amazon.com/images/I/61tE7b7XQ4L._SL1500_.jpg","{YouTube,Instagram}","{""#fitindia"",""#homeworkout""}"
inf_241,Ananya Reddy,@yogawithananya,"Yoga Therapist | Ayurveda",Bangalore,"{Fitness,Wellness}",210000,13.5,480000,42000,3900,"Yoga Mat - Boldfit","12L","Fitness Gear",4.3,₹1299,"https://m.media-amazon.com/images/I/71M6ZR6J3RL._SL1500_.jpg","Organic Mention","25-12-2023","{Kannada,English}","https://randomuser.me/api/portraits/women/51.jpg","{Instagram,YouTube}","{""#yoga"",""#ayurveda""}"
inf_242,Rohan Mehra,@bollywoodworkout,"Celebrity Trainer | Dance Fitness",Mumbai,"{Fitness,Dance}",450000,9.7,1200000,92000,5100,"Noise ColorFit Pro","15L","Wearables",4.2,₹2999,"https://m.media-amazon.com/images/I/61TDfJgRhRL._SL1500_.jpg","Sponsored Post","10-01-2024","{Hindi,English}","https://randomuser.me/api/portraits/men/92.jpg","{Instagram,YouTube}","{""#dancefitness"",""#bollywoodworkout""}"
inf_205,Meera Khanna,@travelmeera,"Luxury Travel Blogger | Hotel Reviewer",Goa,"{Travel,Lifestyle}",290000,8.1,920000,71000,3800,"Amazon Kindle Paperwhite","6.5L","E-Readers",4.5,₹13999,"https://m.media-amazon.com/images/I/61X6aJibfVL._SL1500_.jpg","Sponsored Review","30-11-2023","{English,Hindi}","https://randomuser.me/api/portraits/women/12.jpg","{Instagram,YouTube}","{""#wanderlust"",""#luxurytravel""}"
inf_251,Arjun Bali,@backpackerarjun,"Budget Travel Expert | Hostels",Manali,"{Travel}",180000,12.4,650000,52000,4100,"American Tourister Backpack","5L","Luggage",4.6,₹3499,"https://m.media-amazon.com/images/I/81SX0+MA0qL._SL1500_.jpg","Affiliate Marketing","15-12-2023","{Hindi,English}","https://randomuser.me/api/portraits/men/64.jpg","{Instagram,YouTube}","{""#budgettravel"",""#hostellife""}"
inf_252,Shreya Malhotra,@shreyastravels,"Solo Female Traveler | Adventure",Rishikesh,"{Travel,Adventure}",240000,10.6,780000,68000,4500,"GoPro Hero 12","8L","Action Camera",4.7,₹42999,"https://m.media-amazon.com/images/I/61p4EhExREL._SL1500_.jpg","Product Placement","05-01-2024","{Hindi,English}","https://randomuser.me/api/portraits/women/83.jpg","{Instagram,YouTube}","{""#solotravel"",""#adventure""}"
inf_206,Aditya Verma,@comedyadda,"Standup Comedian | Meme Creator",Delhi,"{Comedy}",2100000,4.3,4500000,210000,9500,"Ray-Ban Aviator Classic","3.2L","Eyewear",4.3,₹12999,"https://m.media-amazon.com/images/I/41W7B+8KfYL.jpg","Organic Mention","10-12-2023","{Hindi,English}","https://randomuser.me/api/portraits/men/67.jpg","{Instagram,TikTok}","{""#comedyreels"",""#desihumor""}"
inf_261,Kritika Sharma,@kritikacomedy,"Sarcasm & Roasts | Viral Memes",Mumbai,"{Comedy}",1500000,5.1,3800000,180000,8200,"Boat Airdopes","2.8L","Audio",4.2,₹1799,"https://m.media-amazon.com/images/I/51RT2M0r8LL._SL1500_.jpg","Sponsored Post","20-12-2023","{Hindi,Marathi}","https://randomuser.me/api/portraits/women/72.jpg","{Instagram,TikTok}","{""#roast"",""#memes""}"
inf_262,Rajiv Menon,@tamildank,"Regional Comedy | Dubsmash King",Chennai,"{Comedy,Regional}",920000,7.8,2500000,145000,6800,"Redmi Note 13","4L","Smartphone",4.1,₹16999,"https://m.media-amazon.com/images/I/71V--WZVUIL._SL1500_.jpg","Product Trial","05-01-2024","{Tamil,English}","https://randomuser.me/api/portraits/men/55.jpg","{Instagram,YouTube}","{""#tamilcomedy"",""#dubsmash""}"
inf_207,Divya Iyer,@mommyblogger,"Parenting Tips | Childcare Expert",Chennai,"{Parenting,Lifestyle}",180000,14.7,420000,45000,5200,"Pampers Premium Care Pants","9.8L","Baby Care",4.2,₹1199,"https://m.media-amazon.com/images/I/81B0t7C6u5L._SL1500_.jpg","Brand Partnership","05-10-2023","{Tamil,English}","https://m.media-amazon.com/images/I/81B0t7C6u5L._SL1500_.jpg","{YouTube,Facebook}","{""#momlife"",""#parentingtips""}"
inf_271,Anjali Kapoor,@modernmommy,"Millennial Parenting | Montessori",Delhi,"{Parenting,Education}",150000,16.2,380000,42000,4800,"Melissa & Doug Puzzle","7L","Toys",4.8,₹1499,"https://m.media-amazon.com/images/I/91X9O6gXUkL._SL1500_.jpg","Affiliate Marketing","15-12-2023","{Hindi,English}","https://m.media-amazon.com/images/I/91X9O6gXUkL._SL1500_.jpg","{Instagram,YouTube}","{""#montessori"",""#millennialmom""}"
inf_272,Rahul Patel,@daddydiaries,"Stay-at-Home Dad | Parenting Hacks",Bangalore,"{Parenting}",95000,13.9,290000,31000,3900,"Philips Avent Bottle","5L","Baby Care",4.5,₹899,"https://m.media-amazon.com/images/I/61QwqQ6ZzRL._SL1500_.jpg","Product Review","10-01-2024","{Kannada,English}","https://m.media-amazon.com/images/I/61QwqQ6ZzRL._SL1500_.jpg","{Instagram,YouTube}","{""#daddylife"",""#parentinghacks""}"
inf_208,Rohan Mehta,@stockrohan,"Stock Market Analyst | Investor",Mumbai,"{Finance}",150000,6.9,380000,29000,1800,"Smallcase Technology Trackers","14L","Financial Instruments",4.1,₹2000,"https://assets.smallcase.com/images/smallcases/200/SCET_0001.png","Educational Sponsorship","22-11-2023","{Hindi,English}","https://m.media-amazon.com/images/I/61Yi7vQjZaL._SL1500_.jpg","{YouTube,Twitter}","{""#nifty50"",""#investing""}"
inf_281,Preeti Reddy,@financewithpreeti,"Personal Finance for Women",Hyderabad,"{Finance,Women}",120000,9.5,320000,28000,2100,"Zerodha Demat Account","11L","Financial Services",4.3,₹0,"https://zerodha.com/static/images/logo.svg","Affiliate Program","05-12-2023","{Telugu,English}","https://m.media-amazon.com/images/I/61S7BrCBj7L._SL1500_.jpg","{Instagram,YouTube}","{""#womenfinance"",""#investing""}"
inf_282,Arjun Kapoor,@cryptowitharjun,"Crypto Trader | Blockchain",Delhi,"{Finance,Crypto}",210000,8.7,550000,42000,3500,"CoinSwitch Kuber","9L","Crypto Exchange",4.0,₹0,"https://coincrunch.in/wp-content/uploads/2021/02/coinswitch-kuber-logo.png","Brand Partnership","15-01-2024","{Hindi,English}","https://m.media-amazon.com/images/I/61S7BrCBj7L._SL1500_.jpg","{Twitter,YouTube}","{""#crypto"",""#blockchain""}"
inf_209,Priya Reddy,@craftypriya,"DIY Artist | Home Decor",Hyderabad,"{Art,DIY}",95000,15.2,280000,38000,4100,"Fevicryl 3D Outliner Kit","5.7L","Art Supplies",4.7,₹649,"https://m.media-amazon.com/images/I/81XeWzEvW8L._SL1500_.jpg","Product Trial","05-12-2023","{Telugu,Hindi}","https://m.media-amazon.com/images/I/81XeWzEvW8L._SL1500_.jpg","{Instagram,Pinterest}","{""#diycrafts"",""#homedecor""}"
inf_291,Rahul Sharma,@woodcrafts,"Woodworking Artist | Furniture",Pune,"{Art,DIY}",75000,12.8,210000,29000,3400,"Stanley Tool Kit","4L","Tools",4.6,₹2499,"https://m.media-amazon.com/images/I/81UQkOZR3RL._SL1500_.jpg","Sponsored Post","20-12-2023","{Marathi,Hindi}","https://randomuser.me/api/portraits/men/71.jpg","{YouTube,Instagram}","{""#woodworking"",""#handmade""}"
inf_292,Ananya Joshi,@potterywithananya,"Ceramic Artist | Pottery Classes",Jaipur,"{Art,Craft}",68000,16.5,180000,32000,3900,"Pottery Wheel Machine","3L","Art Equipment",4.4,₹5999,"https://m.media-amazon.com/images/I/61+Q9Z+0ZoL._SL1500_.jpg","Product Placement","10-01-2024","{Hindi,English}"
inf_210,Kabir Khan,@petkabir,"Dog Trainer | Pet Care",Bangalore,"{Pets}",120000,9.8,310000,35000,2900,"Pedigree Pro Expert Nutrition","7.3L","Pet Food",4,₹1145,"https://m.media-amazon.com/images/I/71YHjVXyR0L._SL1500_.jpg","Brand Collaboration","30-09-2023","{English,Kannada}","https://m.media-amazon.com/images/I/71YHjVXyR0L._SL1500_.jpg","{YouTube,Instagram}","{""#dogtraining"",""#petcare""}"
inf_301,Neha Gupta,@catloverneha,"Cat Behavior Specialist | Rescuer",Mumbai,"{Pets,Cats}",95000,11.2,280000,32000,4100,"Whiskas Cat Food","6L","Pet Food",4.3,₹945,"https://m.media-amazon.com/images/I/61+Uw3vQysL._SL1500_.jpg","Affiliate Marketing","15-12-2023","{Hindi,English}","https://m.media-amazon.com/images/I/61+Uw3vQysL._SL1500_.jpg","{Instagram,YouTube}","{""#catlover"",""#petrescue""}"
inf_302,Rohan Kapoor,@aquariumrohan,"Aquascaping Expert | Fish Care",Delhi,"{Pets,Aquarium}",65000,13.7,180000,28000,3500,"Hagen Fish Tank","4L","Aquarium",4.5,₹7999,"https://m.media-amazon.com/images/I/71Yd9dZ0mZL._SL1500_.jpg","Product Review","05-01-2024","{Hindi,English}","https://m.media-amazon.com/images/I/71Yd9dZ0mZL._SL1500_.jpg","{YouTube,Instagram}","{""#aquascape"",""#fishtank""}"
